
{
    "data_panel": [
      [0, 0, 0, 0, 1, 0, 0.765, 1, 0, 0.765, 0, 0, 9, 30],
      [0.765, 0, 0, 0.765, 1, 0, 1, 1, -0.173648, 1, 0, -0.173648, 9, 30]
    ],
    "refchord": 1.0,
    "Mach": 0,
    "RedFreq": 1,
    "NSmax": 30,
    "NCmax": 30,
    "plot_control": [1, 0, 1]
  }