
{
    "data_panel": [
      [-0.22874, 0, 0, 0.317674, 0.54648, 0  ,0.77521 ,0.54648 ,0 ,0.22874 ,0, 0,   6, 6 ],
      [0.45747 ,0 ,0 ,1.00395 ,0.54648 ,0.0 ,1.46142 ,0.54648 ,0.0 ,0.91494, 0.0 ,0.0   ,6, 6  ],
      [0.31774 ,-0.54648 ,0, -0.22874, 0, 0, 0.22874 ,0, 0, 0.77521, -0.54648, 0,  6, 16 ],
      [1.00395, -0.54648 ,0, 0.45747 ,0, 0, 0.91494, 0, 0, 1.46142, -0.54648, 0, 6, 16 ] 
    ],
    "ref_semichord": 1.0,
    "Mach": 0.7,
    "RedFreq": 2.6231,
    "NSmax": 55,
    "NCmax": 55,
    "plot_control": [1, 0, 1]
  }