
{
    "data_panel": [
      [0.0 , 0.0 , 0.0 , 0.19119, 0.41, 0.0, 0.61119, 0.41, 0.0, 0.42, 0.0, 0.0 ,6 ,12 ],
      [0.19119, -0.41, 0.0, 0.0, 0.0, 0.0, 0.42, 0.0, 0.0, 0.61119, -0.41, 0.0, 6, 12 ],
      [0.42, 0.0, 0.0, 0.611190, 0.41, 0.0, 0.79119, 0.41, 0.0, 0.6, 0.0, 0.0, 6, 12 ],
      [0.61119, -0.41, 0.0, 0.42, 0.0, 0.0, 0.6, 0.0, 0.0, 0.791119, -0.41, 0.0, 6, 12 ],
      [0.19119, 0.41, 0.0, 0.19585, 0.42, 0.0, 0.61585, 0.42, 0.0, 0.61119, 0.41, 0.0, 6, 12 ],
      [0.19585, -0.42, 0.0, 0.19119, -0.41, 0.0, 0.61119, -0.41, 0.0, 0.61585, -0.42, 0.0, 6, 12 ],
      [0.61119, 0.41, 0.0, 0.61585, 0.42, 0.0, 0.79585, 0.42, 0.0, 0.79119, 0.41, 0.0, 6 ,12 ],
      [0.61585, -0.42, 0.0, 0.61119, -0.41, 0.0, 0.79119, -0.41, 0.0, 0.79585, -0.42, 0.0, 6, 12 ],
      [0.19585, 0.42, 0.0, 0.41035, 0.88, 0.0, 0.83035, 0.88, 0.0, 0.61585, 0.42, 0.0,  6, 12 ],
      [0.41035, -0.88, 0.0, 0.19585, -0.42, 0.0, 0.61585, -0.42, 0.0, 0.83035, -0.88, 0.0, 6, 12 ],
      [0.61585, 0.42, 0.0, 0.83035, 0.88, 0.0, 1.01035, 0.88, 0.0, 0.79585, 0.42, 0.0, 6 ,12 ],
      [0.83035, -0.88, 0.0, 0.61585, -0.42, 0.0, 0.79585, -0.42, 0.0, 1.01035, -0.88, 0.0, 6, 12]
    ],
    "refchord": 1.0,
    "Mach": 0,
    "RedFreq": 1.24,
    "NSmax": 30,
    "NCmax": 30,
    "plot_control": [1, 0, 1]
  }