
{
    "data_panel": [
      [0.047244, 0.92,0,0.047244, 7.0984,0,5.24724,7.0984,0,5.24724,0.92,0,5,20],
      [0.047244, 7.0984,0,0.047244, 13.8,0,5.24724,13.8,0,5.24724,7.0984,0,5,20],
      [0.047244, 13.8,0,0.047244, 16.9,0,5.24724,16.9,0,5.24724,13.8,0,5,20],
      [0.047244, 16.9,0,0.047244, 20.0,0,5.24724,20.0,0,5.24724,16.9,0,5,20],
      [5.24724, 0.92,0,5.24724,7.0984,0,6.5472, 7.0984,0,6.5472, 0.92,0,5,20],
      [5.24724, 7.0984,0,5.24724,13.8,0,6.5472, 13.8,0,6.5472, 7.0984,0,5,20],
      [5.24724,13.8,0,5.24724,16.9,0,6.5472, 16.9,0,6.5472, 13.8,0,5,20],
      [5.24724,16.9,0,5.24724,20.0,0,6.5472,20.0,0,6.5472, 16.9,0,5,20],
      [27.4252, 0.92,0,27.4252, 7.0984,0,31.4252,7.0984,0,31.4252,0.92,0,5,20],
      [31.4252,0.92,0,31.4252,7.0984,0,32.4252, 7.0984,0,32.4252, 0.92,0,5,20],
      [-36,-5,-18,-36,-5,18,60,-5,18,60,-5,-18,5,20],
      [-36,31,-18,-36,31,18,60,31,18,60,31,-18,5,20],
      [-36,-5,-18,-36,31,-18,60,31,-18,60,-5,-18,5,20],
      [-36,-5,18,-36,31,18,60,31,18,60,-5,18,5,20],
      [-21,-5,-7.25,-21,31,-7.25,-11,31,-7.25,-11,-5,-7.25,5,20],
      [-21,-5,7.25,-21,31,7.25,-11,31,7.25,-11,-5,7.25,5,20]
    ],
    "ref_semichord": 7.874015748031496,
    "Mach": 0,
    "RedFreq_lst": [0.0001,0.005,0.01,0.025,0.05,0.075,0.1,0.125,0.15,0.175,0.2,0.25,0.3,0.4,0.5,0.6,0.7,0.8,1.0,1.2,1.4,1.6],
    "NSmax": 55,
    "NCmax": 55,
    "plot_control": [1, 0, 1],
    "damping_ratio": 0,
    "n_modes": 15,
    "lag_roots_lst":[0.3,0.6],
    "gust_lag_roots_lst":[],
    "gust_modeshape": [],
    "DoIUseGust": "No",
    "n_controlmodes":4,
    "Speeds":[5,10,15,20,25,30,35,40,45,50,55,60,65,70],
    "rho":1.225,
    "StrainGauge_NodeNumbers":[],
    "Accelerometer_NodeNumbers":[],
    "StrainGauge_Orientations":[],
    "ndof":1,
    "zdof":1

  }